run,family,direction,method,mean,ci95,sd,median,n_frames,n_tasks
main,cover,inject,sel_capped,0.16156658774657454,"[-0.10676455959513946, 0.49998888331794383]",0.9529688696648445,0.0303564193817551,70,8
main,cover,inject,sel_uncapped,0.4629942113071648,"[-0.253132866592693, 1.1268979353998236]",2.619062984584412,0.1597308165241229,70,8
main,cover,inject,sel_target,0.17555115827629283,"[-0.08539370621547071, 0.4861695346408087]",0.8602855220179395,0.041480396256332555,70,8
main,cover,inject,sel_xtask,0.12317759513169427,"[-0.16068018107060272, 0.42409359033896293]",0.7863791126238308,-0.038001778446461396,70,8
main,cover,inject,color,0.0032989283266396836,"[-0.028330564309886, 0.037511744172282244]",0.18961073087274607,-0.00884772756376545,70,8
main,cover,inject,rand_sel_same_norm,0.04104825965426771,"[-0.010655465984888278, 0.08982028778728661]",0.23376478785025734,0.018286623337526724,70,8
main,cover,inject,attr,1.487749548317172,"[0.6479486417941951, 2.542574354852515]",2.746333058437991,0.685279603781902,70,8
main,cover,inject,attr_xtask,0.6520801893385493,"[0.272046101519439, 0.9912325459651362]",1.5706481062370894,0.2730761343721966,70,8
main,cover,inject,rand_attr_same_norm,0.03551873999368852,"[-0.0001445067082987806, 0.07373162822631885]",0.19154449509926477,0.024401191370754232,70,8
main,cover,inject,rand_attr_raw,0.000802644076404332,"[-0.038418349083022975, 0.042059536108542545]",0.25350940288157336,0.010871452624389126,70,8
main,cover,inject,all_tc,56.849005855843394,"[49.40461114656165, 67.8174053564913]",20.681805565445835,52.171868043998224,70,8
main,cover,inject,tc_error,6.880775101062547,"[2.205703493529485, 11.953301394271376]",15.5256178799113,4.3992772883984905,70,8
main,cover,inject,mlp_ceiling,73.25867570527734,"[67.46234044827338, 80.90022893127976]",18.89667225957055,75.83728725601952,70,8
main,cover,inject,single_attr_0,-0.019310776012186587,"[-0.056024477527738724, 0.014034053813596074]",0.17291182787524875,0.0009025540345263999,70,8
main,cover,inject,single_attr_1,0.022264475575473848,"[-0.005841043080143875, 0.059265278981393894]",0.16149748706941583,0.00760590733369645,70,8
main,cover,inject,single_attr_2,0.02808551261377658,"[-0.02509032613800284, 0.09030092311472768]",0.26444208596222557,-0.0095475514104492,70,8
main,cover,remove,sel_capped,0.39977889981909037,"[-1.1629819350280257, 1.8330610179350266]",5.096910638165481,0.2904039135124436,70,8
main,cover,remove,attr,12.518185158815161,"[3.074006345423822, 22.293074896255103]",25.65586701480073,4.475512794340386,70,8
main,cover,remove,rand_attr_same_norm,-0.2711531758840673,"[-0.7343115212826867, 0.08872224117297922]",1.3435524348080057,0.03500208233265617,70,8
main,cover,remove,mlp_ceiling,82.70590102542398,"[75.68106976813412, 87.8899770145105]",14.453782811044862,86.98156720818085,70,8
main,screen,inject,sel_capped,0.4533505573135346,"[0.0009024711291582061, 1.1733464649893468]",1.5568267418736055,0.2026429295872489,69,8
main,screen,inject,rand_sel_same_norm,-0.0049197272502054705,"[-0.13103455391178997, 0.13603106839550955]",0.5990642328092015,0.10082489982567626,69,8
main,screen,inject,attr,2.8072961721901426,"[0.4409882004767977, 5.007765163539062]",6.034836362804598,2.126560338374206,69,8
main,screen,inject,rand_attr_same_norm,0.2867656787960351,"[-0.13061202663365454, 0.8820578919209806]",1.555674717086187,0.1865857100393553,69,8
main,screen,inject,all_tc,55.103231632137636,"[51.32204152630956, 58.38809741339734]",17.195005772004134,58.07414503139743,69,8
main,screen,inject,mlp_ceiling,78.54123749383025,"[73.33074819479606, 83.07456819887064]",15.778639915768567,85.16367389239166,69,8
main,screen,remove,sel_capped,0.13469068425861772,"[-0.8529920537557996, 1.0216899574545342]",4.308117656270067,0.1254056651087909,69,8
main,screen,remove,attr,7.292261700396992,"[4.654356818378207, 10.994399356653746]",7.363506924337522,5.193049147746576,69,8
main,screen,remove,rand_attr_same_norm,0.5192241754199175,"[0.07184949656048849, 0.9893951101966925]",1.4124308132077703,0.5238516015666087,69,8
main,screen,remove,mlp_ceiling,82.17714343112374,"[76.7156577204235, 87.23006374972846]",14.856083518602984,86.60852341862906,69,8
main,paint,inject,sel_capped,-0.014232327251695358,"[-0.2057780042663569, 0.15339931549796731]",0.8591174552818074,0.0778849315858143,63,8
main,paint,inject,rand_sel_same_norm,0.04674967679846526,"[-0.0017527386429854244, 0.10219668345953975]",0.301955744592819,0.029828810606598765,63,8
main,paint,inject,attr,5.247346209950884,"[3.3062640545561286, 7.466857415741381]",7.122584372104131,3.336883133003244,63,8
main,paint,inject,rand_attr_same_norm,0.11563533131515132,"[-0.018946944957702935, 0.260652328200097]",0.8967902542748287,-0.002985051949218794,63,8
main,paint,inject,all_tc,59.017268112288974,"[56.70955250495426, 61.196233833962054]",15.784132999559738,62.14803788016621,63,8
main,paint,inject,mlp_ceiling,75.7978721966675,"[70.15919578556364, 81.02251451652421]",17.299380518900747,81.37586406135657,63,8
main,paint,remove,sel_capped,0.8292245816576631,"[0.2243658443200109, 1.6311151470890861]",1.9178429984010037,0.5027503504661079,63,8
main,paint,remove,attr,18.730201077797943,"[11.481209858938904, 27.111977528081177]",18.75831563311521,11.367938639201746,63,8
main,paint,remove,rand_attr_same_norm,0.5276190635420074,"[0.10768491941345011, 1.079067393563777]",1.3153798119375355,0.43444092816186847,63,8
main,paint,remove,mlp_ceiling,82.72417010187314,"[80.05012579324651, 85.32223687468867]",13.902350679072237,88.10347251877612,63,8
rep_object,cover,inject,sel_capped,0.2042734828073704,"[0.037392210803277585, 0.37646282668581565]",0.7499182337368865,0.1039277645964009,59,10
rep_object,cover,inject,sel_uncapped,0.8635401866535667,"[0.48636279440866687, 1.3713463403927315]",2.1804239552768943,0.4390223352179978,59,10
rep_object,cover,inject,sel_target,0.2521194430561584,"[0.06778469700369294, 0.4606561138195965]",0.8400601947062374,0.0865253720328418,59,10
rep_object,cover,inject,sel_xtask,0.0010339050986034064,"[-0.12249849764657142, 0.13584455457779593]",0.5068271836651563,0.0246661244406531,59,10
rep_object,cover,inject,color,-0.0038027691957756384,"[-0.05781289685229935, 0.06706586385472478]",0.3664910832462319,-0.0222911557071991,59,10
rep_object,cover,inject,rand_sel_same_norm,0.07021932246419003,"[0.006269019696916309, 0.15428043276746195]",0.30229673778663513,0.015226296980432864,59,10
rep_object,cover,inject,attr,0.895497201963139,"[0.4597101332890351, 1.406580846823949]",1.4405784777640915,0.4552394636949453,59,10
rep_object,cover,inject,attr_xtask,0.7790233056704414,"[0.3820828061977783, 1.2878951495743645]",1.855301181788097,0.3779766313056099,59,10
rep_object,cover,inject,rand_attr_same_norm,0.0320580572823131,"[-0.020890090773217768, 0.08689650876418648]",0.15649914378960397,0.021323895544360698,59,10
rep_object,cover,inject,rand_attr_raw,0.08449581410007856,"[0.05702465952714812, 0.11066547252434256]",0.18325775414373313,0.0489957587869294,59,10
rep_object,cover,inject,all_tc,47.68305407627279,"[43.8707993832661, 51.80620015073614]",18.444515414774468,49.59608878525599,59,10
rep_object,cover,inject,tc_error,6.497458916648271,"[3.6453841102615994, 9.27757702914282]",17.884242489386047,7.633548323353267,59,10
rep_object,cover,inject,mlp_ceiling,74.06697347740247,"[69.82561134381613, 78.69956473531525]",15.402516357521998,76.52916623763704,59,10
rep_object,cover,inject,single_attr_0,-0.002619385192811295,"[-0.007993641019441364, 0.0]",0.014485427121363983,0.0,59,10
rep_object,cover,inject,single_attr_1,-0.000709217941083878,"[-0.002164337509859421, 0.0]",0.005447606372468558,0.0,59,10
rep_object,cover,inject,single_attr_2,0.0014791309946402735,"[-0.011534937323491255, 0.015610833020833418]",0.06884306295145291,0.0,59,10
rep_object,cover,remove,sel_capped,1.9726831306516515,"[0.8806177515792394, 3.6534746707152177]",4.241479651561265,0.6641760021171672,59,10
rep_object,cover,remove,attr,7.118235053567984,"[3.0140013707209614, 12.412770262623974]",12.149095161487967,2.340134386898129,59,10
rep_object,cover,remove,rand_attr_same_norm,0.0490327177363826,"[-0.26454975080768023, 0.30324183968544494]",1.3686345571513787,0.04993062676219943,59,10
rep_object,cover,remove,mlp_ceiling,75.71260262827505,"[71.72006460229616, 79.84002788068615]",16.102111021708282,77.60278572639922,59,10
rep_object,paint,inject,sel_capped,-0.44987225766882405,"[-1.4224114885492138, 0.23126758882333576]",3.250105663587234,0.1678084871438723,48,10
rep_object,paint,inject,rand_sel_same_norm,0.033921379226822264,"[0.00018630135470039237, 0.06432328574938205]",0.1319523581953181,0.0362355920708453,48,10
rep_object,paint,inject,attr,2.3997194918606675,"[0.8616773039613929, 3.9566010696090834]",5.935279523019455,1.834530842390175,48,10
rep_object,paint,inject,rand_attr_same_norm,0.15250784116095634,"[0.06818643563732478, 0.251880840249668]",0.4023534967800258,0.18842558327133624,48,10
rep_object,paint,inject,all_tc,45.64735556320992,"[38.197117720902575, 52.68350892926131]",23.928211507537586,50.862119845314425,48,10
rep_object,paint,inject,mlp_ceiling,74.88688717836145,"[68.07492877873815, 81.7826676444267]",27.51715223099998,88.00017303843975,48,10
rep_object,paint,remove,sel_capped,0.1907986910649945,"[-0.6389159659521565, 1.2620481082181274]",2.697722128027331,0.2892222130388921,48,10
rep_object,paint,remove,attr,18.634528115206425,"[9.47932043443473, 29.648070121653898]",24.084587181510905,7.238836381782593,48,10
rep_object,paint,remove,rand_attr_same_norm,0.06939701722391299,"[-1.0283040914632453, 0.9787048702026777]",3.0537153123625815,0.13344784559964906,48,10
rep_object,paint,remove,mlp_ceiling,81.42570718408881,"[76.60815232935445, 85.93106513708587]",23.74187116284187,92.53508759917493,48,10
