archive_path	bytes	md5	in_zip	drive_copy
tc_circuit_v3_20260924_0553/results/main/attrib/rank_cover.npz	1300355	474c7b7dd202ed48b4afdcbf2fef1419	tc_circuit_v3_20260924_0553_results.zip	/content/drive/MyDrive/smaj_v3_workspace/outputs/permanence/tc_circuit_v3_main/attrib/rank_cover.npz
tc_circuit_v3_20260924_0553/results/main/attrib/rank_paint.npz	1294674	06f585b696508345bea18b06fd62d84a	tc_circuit_v3_20260924_0553_results.zip	/content/drive/MyDrive/smaj_v3_workspace/outputs/permanence/tc_circuit_v3_main/attrib/rank_paint.npz
tc_circuit_v3_20260924_0553/results/main/attrib/rank_screen.npz	1297272	66392d8a145ea5f80fb5dc0e11101a0f	tc_circuit_v3_20260924_0553_results.zip	/content/drive/MyDrive/smaj_v3_workspace/outputs/permanence/tc_circuit_v3_main/attrib/rank_screen.npz
tc_circuit_v3_20260924_0553/results/main/config.json	2804	304947b51a5ce34226bc427d93cf60e6	tc_circuit_v3_20260924_0553_results.zip	/content/drive/MyDrive/smaj_v3_workspace/outputs/permanence/tc_circuit_v3_main/config.json
tc_circuit_v3_20260924_0553/results/main/fig_attrib_layers.png	59048	25e557000c38efc9e24f1f7b67d05f71	tc_circuit_v3_20260924_0553_results.zip	/content/drive/MyDrive/smaj_v3_workspace/outputs/permanence/tc_circuit_v3_main/fig_attrib_layers.png
tc_circuit_v3_20260924_0553/results/main/fig_check4_ceiling.png	83427	f9b19cb6a6ef35dee599c33bfbac8e3e	tc_circuit_v3_20260924_0553_results.zip	/content/drive/MyDrive/smaj_v3_workspace/outputs/permanence/tc_circuit_v3_main/fig_check4_ceiling.png
tc_circuit_v3_20260924_0553/results/main/fig_check5_transcoders.png	31171	1c18197cbfdb9d003b5901cb0e322611	tc_circuit_v3_20260924_0553_results.zip	/content/drive/MyDrive/smaj_v3_workspace/outputs/permanence/tc_circuit_v3_main/fig_check5_transcoders.png
tc_circuit_v3_20260924_0553/results/main/fig_goal1_contact_sheet.png	1122477	e712033e568ab737741bdc11be547814	tc_circuit_v3_20260924_0553_results.zip	/content/drive/MyDrive/smaj_v3_workspace/outputs/permanence/tc_circuit_v3_main/fig_goal1_contact_sheet.png
tc_circuit_v3_20260924_0553/results/main/fig_goal1_counts.png	24122	f91f5593c334466fa25ac01f05c7152c	tc_circuit_v3_20260924_0553_results.zip	/content/drive/MyDrive/smaj_v3_workspace/outputs/permanence/tc_circuit_v3_main/fig_goal1_counts.png
tc_circuit_v3_20260924_0553/results/main/fig_goal1_features.png	70389	3cdab504411411b9e61f31afe29c35d1	tc_circuit_v3_20260924_0553_results.zip	/content/drive/MyDrive/smaj_v3_workspace/outputs/permanence/tc_circuit_v3_main/fig_goal1_features.png
tc_circuit_v3_20260924_0553/results/main/fig_goal2_kcurve.png	140593	ac4f1650a3f1b2556c42d440532b7165	tc_circuit_v3_20260924_0553_results.zip	/content/drive/MyDrive/smaj_v3_workspace/outputs/permanence/tc_circuit_v3_main/fig_goal2_kcurve.png
tc_circuit_v3_20260924_0553/results/main/fig_goal2_linearity.png	35734	e880f95c009fab880a686ed49edb6d30	tc_circuit_v3_20260924_0553_results.zip	/content/drive/MyDrive/smaj_v3_workspace/outputs/permanence/tc_circuit_v3_main/fig_goal2_linearity.png
tc_circuit_v3_20260924_0553/results/main/fig_goal2_main.png	65038	4902537bc2da387eb19bbc4cc2371814	tc_circuit_v3_20260924_0553_results.zip	/content/drive/MyDrive/smaj_v3_workspace/outputs/permanence/tc_circuit_v3_main/fig_goal2_main.png
tc_circuit_v3_20260924_0553/results/main/fig_goal3_success.png	32447	36990e4f926a695765b2ec48157d454f	tc_circuit_v3_20260924_0553_results.zip	/content/drive/MyDrive/smaj_v3_workspace/outputs/permanence/tc_circuit_v3_main/fig_goal3_success.png
tc_circuit_v3_20260924_0553/results/main/fig_probe_conditions_agentview.png	2211417	afbba795f42f6d5d732f5504b2782062	tc_circuit_v3_20260924_0553_results.zip	/content/drive/MyDrive/smaj_v3_workspace/outputs/permanence/tc_circuit_v3_main/fig_probe_conditions_agentview.png
tc_circuit_v3_20260924_0553/results/main/fig_probe_conditions_wrist.png	1877573	6251775a6ec347bb6fbe20c673fb2a6d	tc_circuit_v3_20260924_0553_results.zip	/content/drive/MyDrive/smaj_v3_workspace/outputs/permanence/tc_circuit_v3_main/fig_probe_conditions_wrist.png
tc_circuit_v3_20260924_0553/results/main/frames_candidates.json	201238	949797a23ea4aa9d23955ea8e0767063	tc_circuit_v3_20260924_0553_results.zip	/content/drive/MyDrive/smaj_v3_workspace/outputs/permanence/tc_circuit_v3_main/frames_candidates.json
tc_circuit_v3_20260924_0553/results/main/goal1_features_cover.csv	2366661	0f2f5dd76e47ec413456d3c7943ab66b	tc_circuit_v3_20260924_0553_results.zip	/content/drive/MyDrive/smaj_v3_workspace/outputs/permanence/tc_circuit_v3_main/goal1_features_cover.csv
tc_circuit_v3_20260924_0553/results/main/goal1_features_paint.csv	1754443	70ca656e50456fbce50bc5c1bf25f1a0	tc_circuit_v3_20260924_0553_results.zip	/content/drive/MyDrive/smaj_v3_workspace/outputs/permanence/tc_circuit_v3_main/goal1_features_paint.csv
tc_circuit_v3_20260924_0553/results/main/goal1_features_screen.csv	2204343	b88b41bc0d78b941761f959dd8e57b41	tc_circuit_v3_20260924_0553_results.zip	/content/drive/MyDrive/smaj_v3_workspace/outputs/permanence/tc_circuit_v3_main/goal1_features_screen.csv
tc_circuit_v3_20260924_0553/results/main/goal1_rank.pt	5242293	4eddecfd27806610c7c0454ca03ef90f	tc_circuit_v3_20260924_0553_results.zip	/content/drive/MyDrive/smaj_v3_workspace/outputs/permanence/tc_circuit_v3_main/goal1_rank.pt
tc_circuit_v3_20260924_0553/results/main/goal1_selected.json	477240	f277a6570f5f0db0aabdf8471ac7a304	tc_circuit_v3_20260924_0553_results.zip	/content/drive/MyDrive/smaj_v3_workspace/outputs/permanence/tc_circuit_v3_main/goal1_selected.json
tc_circuit_v3_20260924_0553/results/main/goal2_frames.json	58050	168c515d029bef14f940c951f3d16b5a	tc_circuit_v3_20260924_0553_results.zip	/content/drive/MyDrive/smaj_v3_workspace/outputs/permanence/tc_circuit_v3_main/goal2_frames.json
tc_circuit_v3_20260924_0553/results/main/goal2_rows.csv	1113849	905f50fdcc4b091aef1406347ae8d977	tc_circuit_v3_20260924_0553_results.zip	/content/drive/MyDrive/smaj_v3_workspace/outputs/permanence/tc_circuit_v3_main/goal2_rows.csv
tc_circuit_v3_20260924_0553/results/main/goal2_sets.json	27645	87945abf453fd0fa611de98a3e548125	tc_circuit_v3_20260924_0553_results.zip	/content/drive/MyDrive/smaj_v3_workspace/outputs/permanence/tc_circuit_v3_main/goal2_sets.json
tc_circuit_v3_20260924_0553/results/main/goal2_stats.json	74940	abcd533a05d65a5970c8f4ffa7bc4c5b	tc_circuit_v3_20260924_0553_results.zip	/content/drive/MyDrive/smaj_v3_workspace/outputs/permanence/tc_circuit_v3_main/goal2_stats.json
tc_circuit_v3_20260924_0553/results/main/goal3.json	182047	9a7a774136ad25cd749ab148cd3dc95e	tc_circuit_v3_20260924_0553_results.zip	/content/drive/MyDrive/smaj_v3_workspace/outputs/permanence/tc_circuit_v3_main/goal3.json
tc_circuit_v3_20260924_0553/results/main/goal3_partial.json	161728	e9e389a3a477868edf28564ba0503b1b	tc_circuit_v3_20260924_0553_results.zip	/content/drive/MyDrive/smaj_v3_workspace/outputs/permanence/tc_circuit_v3_main/goal3_partial.json
tc_circuit_v3_20260924_0553/results/main/run_v3.log	52239	fb8cda476c814d6ac84f61d9398de349	tc_circuit_v3_20260924_0553_results.zip	/content/drive/MyDrive/smaj_v3_workspace/outputs/permanence/tc_circuit_v3_main/run_v3.log
tc_circuit_v3_20260924_0553/results/main/status/attrib.json	4226	744b4d826a564e8b91bf7ab16431d070	tc_circuit_v3_20260924_0553_results.zip	/content/drive/MyDrive/smaj_v3_workspace/outputs/permanence/tc_circuit_v3_main/status/attrib.json
tc_circuit_v3_20260924_0553/results/main/status/capture.json	999	ddb5af908ffbf03a11fda225619311bc	tc_circuit_v3_20260924_0553_results.zip	/content/drive/MyDrive/smaj_v3_workspace/outputs/permanence/tc_circuit_v3_main/status/capture.json
tc_circuit_v3_20260924_0553/results/main/status/frames.json	385563	08cb37a2f201c92319cb3e46e8241e45	tc_circuit_v3_20260924_0553_results.zip	/content/drive/MyDrive/smaj_v3_workspace/outputs/permanence/tc_circuit_v3_main/status/frames.json
tc_circuit_v3_20260924_0553/results/main/status/goal1.json	2053	9df6997e38599fb4c215cb64b2bc6f87	tc_circuit_v3_20260924_0553_results.zip	/content/drive/MyDrive/smaj_v3_workspace/outputs/permanence/tc_circuit_v3_main/status/goal1.json
tc_circuit_v3_20260924_0553/results/main/status/goal2.json	6864	357373cb681d32746d48a3003913ff6b	tc_circuit_v3_20260924_0553_results.zip	/content/drive/MyDrive/smaj_v3_workspace/outputs/permanence/tc_circuit_v3_main/status/goal2.json
tc_circuit_v3_20260924_0553/results/main/status/goal3.json	3638	dd4789d1d4ee0f73ba6b7898472cba86	tc_circuit_v3_20260924_0553_results.zip	/content/drive/MyDrive/smaj_v3_workspace/outputs/permanence/tc_circuit_v3_main/status/goal3.json
tc_circuit_v3_20260924_0553/results/main/status/timings.json	339	03cf76ef8864fa27373f88038cf6b628	tc_circuit_v3_20260924_0553_results.zip	/content/drive/MyDrive/smaj_v3_workspace/outputs/permanence/tc_circuit_v3_main/status/timings.json
tc_circuit_v3_20260924_0553/results/main/status/train.json	1771	2d0c2ba679ab3dc17116f6a4cb6f4fa6	tc_circuit_v3_20260924_0553_results.zip	/content/drive/MyDrive/smaj_v3_workspace/outputs/permanence/tc_circuit_v3_main/status/train.json
tc_circuit_v3_20260924_0553/results/main/status/validate.json	13505	aa200249fd3905fc4401540deeaf8758	tc_circuit_v3_20260924_0553_results.zip	/content/drive/MyDrive/smaj_v3_workspace/outputs/permanence/tc_circuit_v3_main/status/validate.json
tc_circuit_v3_20260924_0553/results/main/train.json	160213	ece2a0966ce10fdfef183c5cb21633ab	tc_circuit_v3_20260924_0553_results.zip	/content/drive/MyDrive/smaj_v3_workspace/outputs/permanence/tc_circuit_v3_main/train.json
tc_circuit_v3_20260924_0553/results/main/validate.json	128483	f5b74619ae665db2be31878e2758b21d	tc_circuit_v3_20260924_0553_results.zip	/content/drive/MyDrive/smaj_v3_workspace/outputs/permanence/tc_circuit_v3_main/validate.json
tc_circuit_v3_20260924_0553/results/main/videos/task0_clean_ep0.mp4	186684	37ac74fcb18d6c30e3b39eb3908a4537	tc_circuit_v3_20260924_0553_results.zip	/content/drive/MyDrive/smaj_v3_workspace/outputs/permanence/tc_circuit_v3_main/videos/task0_clean_ep0.mp4
tc_circuit_v3_20260924_0553/results/main/videos/task0_covered_ep0.mp4	612341	11933fdc5c2bbf6dd1cb39fd231c0da1	tc_circuit_v3_20260924_0553_results.zip	/content/drive/MyDrive/smaj_v3_workspace/outputs/permanence/tc_circuit_v3_main/videos/task0_covered_ep0.mp4
tc_circuit_v3_20260924_0553/results/main/videos/task0_inject_attr_ep0.mp4	195687	175712eb7c2a5d13ecc242445b3b4500	tc_circuit_v3_20260924_0553_results.zip	/content/drive/MyDrive/smaj_v3_workspace/outputs/permanence/tc_circuit_v3_main/videos/task0_inject_attr_ep0.mp4
tc_circuit_v3_20260924_0553/results/main/videos/task0_painted_ep0.mp4	202947	4881804d070e3c74482807d6b1dc0f5d	tc_circuit_v3_20260924_0553_results.zip	/content/drive/MyDrive/smaj_v3_workspace/outputs/permanence/tc_circuit_v3_main/videos/task0_painted_ep0.mp4
tc_circuit_v3_20260924_0553/results/main/videos/task0_restore_attr_ep0.mp4	633809	5bdbd863f8cbb123fa60d4937da5d012	tc_circuit_v3_20260924_0553_results.zip	/content/drive/MyDrive/smaj_v3_workspace/outputs/permanence/tc_circuit_v3_main/videos/task0_restore_attr_ep0.mp4
tc_circuit_v3_20260924_0553/results/main/videos/task0_restore_mlp_ep0.mp4	180567	25b46c402dc7fb2d36f47f4843829623	tc_circuit_v3_20260924_0553_results.zip	/content/drive/MyDrive/smaj_v3_workspace/outputs/permanence/tc_circuit_v3_main/videos/task0_restore_mlp_ep0.mp4
tc_circuit_v3_20260924_0553/results/main/videos/task0_restore_random_ep0.mp4	621806	d64cc54e0459dd14fccdb1b38ac71573	tc_circuit_v3_20260924_0553_results.zip	/content/drive/MyDrive/smaj_v3_workspace/outputs/permanence/tc_circuit_v3_main/videos/task0_restore_random_ep0.mp4
tc_circuit_v3_20260924_0553/results/main/videos/task0_restore_sel_ep0.mp4	644928	233a27a301bb73fb68bea18c46b4a1c7	tc_circuit_v3_20260924_0553_results.zip	/content/drive/MyDrive/smaj_v3_workspace/outputs/permanence/tc_circuit_v3_main/videos/task0_restore_sel_ep0.mp4
tc_circuit_v3_20260924_0553/results/main/videos/task0_screened_ep0.mp4	169259	a525df871e805d708e16558185ea516d	tc_circuit_v3_20260924_0553_results.zip	/content/drive/MyDrive/smaj_v3_workspace/outputs/permanence/tc_circuit_v3_main/videos/task0_screened_ep0.mp4
tc_circuit_v3_20260924_0553/results/rep_object/attrib/rank_cover.npz	1283741	447019cefabaacb6bbea9eabbf31fcbd	tc_circuit_v3_20260924_0553_results.zip	/content/drive/MyDrive/smaj_v3_workspace/outputs/permanence/tc_circuit_v3_rep_object/attrib/rank_cover.npz
tc_circuit_v3_20260924_0553/results/rep_object/attrib/rank_paint.npz	1275367	adfe934b648f5ba4b6df6636f8cec748	tc_circuit_v3_20260924_0553_results.zip	/content/drive/MyDrive/smaj_v3_workspace/outputs/permanence/tc_circuit_v3_rep_object/attrib/rank_paint.npz
tc_circuit_v3_20260924_0553/results/rep_object/config.json	2746	88c927e346ddce7c4014a5aa0071184c	tc_circuit_v3_20260924_0553_results.zip	/content/drive/MyDrive/smaj_v3_workspace/outputs/permanence/tc_circuit_v3_rep_object/config.json
tc_circuit_v3_20260924_0553/results/rep_object/fig_attrib_layers.png	52945	80a31c93509ff5cc5bd6b89a60cc5119	tc_circuit_v3_20260924_0553_results.zip	/content/drive/MyDrive/smaj_v3_workspace/outputs/permanence/tc_circuit_v3_rep_object/fig_attrib_layers.png
tc_circuit_v3_20260924_0553/results/rep_object/fig_check4_ceiling.png	72286	337f56cd7742bdaae8b99a60ec80ba0e	tc_circuit_v3_20260924_0553_results.zip	/content/drive/MyDrive/smaj_v3_workspace/outputs/permanence/tc_circuit_v3_rep_object/fig_check4_ceiling.png
tc_circuit_v3_20260924_0553/results/rep_object/fig_check5_transcoders.png	31633	6f2054c92707fd734c3b7e94f62128cd	tc_circuit_v3_20260924_0553_results.zip	/content/drive/MyDrive/smaj_v3_workspace/outputs/permanence/tc_circuit_v3_rep_object/fig_check5_transcoders.png
tc_circuit_v3_20260924_0553/results/rep_object/fig_goal1_contact_sheet.png	1149460	d49473e5bcaa5388ed05c126ab156443	tc_circuit_v3_20260924_0553_results.zip	/content/drive/MyDrive/smaj_v3_workspace/outputs/permanence/tc_circuit_v3_rep_object/fig_goal1_contact_sheet.png
tc_circuit_v3_20260924_0553/results/rep_object/fig_goal1_counts.png	24438	9b60842e71ecb486bdfa0f95df8b88e3	tc_circuit_v3_20260924_0553_results.zip	/content/drive/MyDrive/smaj_v3_workspace/outputs/permanence/tc_circuit_v3_rep_object/fig_goal1_counts.png
tc_circuit_v3_20260924_0553/results/rep_object/fig_goal1_features.png	71578	dabb15e5c4b1a82c40c65f15c96d6be9	tc_circuit_v3_20260924_0553_results.zip	/content/drive/MyDrive/smaj_v3_workspace/outputs/permanence/tc_circuit_v3_rep_object/fig_goal1_features.png
tc_circuit_v3_20260924_0553/results/rep_object/fig_goal2_kcurve.png	106330	067c5fc522c29bcabc8901d82a6fc767	tc_circuit_v3_20260924_0553_results.zip	/content/drive/MyDrive/smaj_v3_workspace/outputs/permanence/tc_circuit_v3_rep_object/fig_goal2_kcurve.png
tc_circuit_v3_20260924_0553/results/rep_object/fig_goal2_linearity.png	51034	9b839733c595db7d40b713fdf5584afb	tc_circuit_v3_20260924_0553_results.zip	/content/drive/MyDrive/smaj_v3_workspace/outputs/permanence/tc_circuit_v3_rep_object/fig_goal2_linearity.png
tc_circuit_v3_20260924_0553/results/rep_object/fig_goal2_main.png	52091	71a5110b7f1a67b762c6ed6345d72919	tc_circuit_v3_20260924_0553_results.zip	/content/drive/MyDrive/smaj_v3_workspace/outputs/permanence/tc_circuit_v3_rep_object/fig_goal2_main.png
tc_circuit_v3_20260924_0553/results/rep_object/fig_probe_conditions_agentview.png	3361804	21bd5d853171121d1fca64d29dff5828	tc_circuit_v3_20260924_0553_results.zip	/content/drive/MyDrive/smaj_v3_workspace/outputs/permanence/tc_circuit_v3_rep_object/fig_probe_conditions_agentview.png
tc_circuit_v3_20260924_0553/results/rep_object/fig_probe_conditions_wrist.png	2728056	78576c4b87c615273419123a3c59713c	tc_circuit_v3_20260924_0553_results.zip	/content/drive/MyDrive/smaj_v3_workspace/outputs/permanence/tc_circuit_v3_rep_object/fig_probe_conditions_wrist.png
tc_circuit_v3_20260924_0553/results/rep_object/frames_candidates.json	34480	a5abcc3bd8b7cdee57d5d5c105294e96	tc_circuit_v3_20260924_0553_results.zip	/content/drive/MyDrive/smaj_v3_workspace/outputs/permanence/tc_circuit_v3_rep_object/frames_candidates.json
tc_circuit_v3_20260924_0553/results/rep_object/goal1_features_cover.csv	2386560	9eaa2500db2ec88fb840eb48d389f4e8	tc_circuit_v3_20260924_0553_results.zip	/content/drive/MyDrive/smaj_v3_workspace/outputs/permanence/tc_circuit_v3_rep_object/goal1_features_cover.csv
tc_circuit_v3_20260924_0553/results/rep_object/goal1_features_paint.csv	1755455	d9cbb4488836cd31a6da72857d28880a	tc_circuit_v3_20260924_0553_results.zip	/content/drive/MyDrive/smaj_v3_workspace/outputs/permanence/tc_circuit_v3_rep_object/goal1_features_paint.csv
tc_circuit_v3_20260924_0553/results/rep_object/goal1_rank.pt	3618485	18c75e75b713378aaeca45680bad0d45	tc_circuit_v3_20260924_0553_results.zip	/content/drive/MyDrive/smaj_v3_workspace/outputs/permanence/tc_circuit_v3_rep_object/goal1_rank.pt
tc_circuit_v3_20260924_0553/results/rep_object/goal1_selected.json	198098	1b4eafae2029577574e266f6efb12398	tc_circuit_v3_20260924_0553_results.zip	/content/drive/MyDrive/smaj_v3_workspace/outputs/permanence/tc_circuit_v3_rep_object/goal1_selected.json
tc_circuit_v3_20260924_0553/results/rep_object/goal2_frames.json	22888	28322a383447b4bbc1a994eafa7ed5ca	tc_circuit_v3_20260924_0553_results.zip	/content/drive/MyDrive/smaj_v3_workspace/outputs/permanence/tc_circuit_v3_rep_object/goal2_frames.json
tc_circuit_v3_20260924_0553/results/rep_object/goal2_rows.csv	600198	b5a1492f6e8abad881308b8b4387e87d	tc_circuit_v3_20260924_0553_results.zip	/content/drive/MyDrive/smaj_v3_workspace/outputs/permanence/tc_circuit_v3_rep_object/goal2_rows.csv
tc_circuit_v3_20260924_0553/results/rep_object/goal2_sets.json	12917	90e675bb254999e034bad1302eca0ed7	tc_circuit_v3_20260924_0553_results.zip	/content/drive/MyDrive/smaj_v3_workspace/outputs/permanence/tc_circuit_v3_rep_object/goal2_sets.json
tc_circuit_v3_20260924_0553/results/rep_object/goal2_stats.json	56486	3d1bc95e57158e7958217e97128034ea	tc_circuit_v3_20260924_0553_results.zip	/content/drive/MyDrive/smaj_v3_workspace/outputs/permanence/tc_circuit_v3_rep_object/goal2_stats.json
tc_circuit_v3_20260924_0553/results/rep_object/run_v3.log	31863	3bb6be840963dd234d94bde854e760f7	tc_circuit_v3_20260924_0553_results.zip	/content/drive/MyDrive/smaj_v3_workspace/outputs/permanence/tc_circuit_v3_rep_object/run_v3.log
tc_circuit_v3_20260924_0553/results/rep_object/status/attrib.json	2920	ccc77f45a4a83b49f4d6181d6484dfab	tc_circuit_v3_20260924_0553_results.zip	/content/drive/MyDrive/smaj_v3_workspace/outputs/permanence/tc_circuit_v3_rep_object/status/attrib.json
tc_circuit_v3_20260924_0553/results/rep_object/status/capture.json	942	c70de02fcdd057c9e03c1e3b79c01bc0	tc_circuit_v3_20260924_0553_results.zip	/content/drive/MyDrive/smaj_v3_workspace/outputs/permanence/tc_circuit_v3_rep_object/status/capture.json
tc_circuit_v3_20260924_0553/results/rep_object/status/frames.json	302736	f3a40d8b422faa0453311fe03c82cc83	tc_circuit_v3_20260924_0553_results.zip	/content/drive/MyDrive/smaj_v3_workspace/outputs/permanence/tc_circuit_v3_rep_object/status/frames.json
tc_circuit_v3_20260924_0553/results/rep_object/status/goal1.json	1489	3f4d30f2468bab5866cda50d6de13781	tc_circuit_v3_20260924_0553_results.zip	/content/drive/MyDrive/smaj_v3_workspace/outputs/permanence/tc_circuit_v3_rep_object/status/goal1.json
tc_circuit_v3_20260924_0553/results/rep_object/status/goal2.json	5122	a512de34e9f337ed5d10f21451bae28b	tc_circuit_v3_20260924_0553_results.zip	/content/drive/MyDrive/smaj_v3_workspace/outputs/permanence/tc_circuit_v3_rep_object/status/goal2.json
tc_circuit_v3_20260924_0553/results/rep_object/status/timings.json	304	dbaf6386c900b66afdce57981365dcfb	tc_circuit_v3_20260924_0553_results.zip	/content/drive/MyDrive/smaj_v3_workspace/outputs/permanence/tc_circuit_v3_rep_object/status/timings.json
tc_circuit_v3_20260924_0553/results/rep_object/status/train.json	1731	de9ac1892fc44ec2b1f735ea1bc306ea	tc_circuit_v3_20260924_0553_results.zip	/content/drive/MyDrive/smaj_v3_workspace/outputs/permanence/tc_circuit_v3_rep_object/status/train.json
tc_circuit_v3_20260924_0553/results/rep_object/status/validate.json	9562	677688dd96fe4a5ee7b085e37ef1f57a	tc_circuit_v3_20260924_0553_results.zip	/content/drive/MyDrive/smaj_v3_workspace/outputs/permanence/tc_circuit_v3_rep_object/status/validate.json
tc_circuit_v3_20260924_0553/results/rep_object/train.json	148984	82cc173d8ba5f92d304473ebb906d272	tc_circuit_v3_20260924_0553_results.zip	/content/drive/MyDrive/smaj_v3_workspace/outputs/permanence/tc_circuit_v3_rep_object/train.json
tc_circuit_v3_20260924_0553/results/rep_object/validate.json	103959	d92d6d8d34879e1749304ecc2dd4d388	tc_circuit_v3_20260924_0553_results.zip	/content/drive/MyDrive/smaj_v3_workspace/outputs/permanence/tc_circuit_v3_rep_object/validate.json
tc_circuit_v3_20260924_0553/results/rep_pi0/config.json	2824	3a998cab7f435ba60fdf8b6a1399109c	tc_circuit_v3_20260924_0553_results.zip	/content/drive/MyDrive/smaj_v3_workspace/outputs/permanence/tc_circuit_v3_rep_pi0/config.json
tc_circuit_v3_20260924_0553/results/rep_pi0/fig_probe_conditions_agentview.png	2340936	23bf1a78eda8db4abfa2eec3668102fe	tc_circuit_v3_20260924_0553_results.zip	/content/drive/MyDrive/smaj_v3_workspace/outputs/permanence/tc_circuit_v3_rep_pi0/fig_probe_conditions_agentview.png
tc_circuit_v3_20260924_0553/results/rep_pi0/fig_probe_conditions_wrist.png	1924022	629f65244d6965ddae8240a8d7567d13	tc_circuit_v3_20260924_0553_results.zip	/content/drive/MyDrive/smaj_v3_workspace/outputs/permanence/tc_circuit_v3_rep_pi0/fig_probe_conditions_wrist.png
tc_circuit_v3_20260924_0553/results/rep_pi0/frames_candidates.json	79885	57b95cab679b381130d61505a72e731c	tc_circuit_v3_20260924_0553_results.zip	/content/drive/MyDrive/smaj_v3_workspace/outputs/permanence/tc_circuit_v3_rep_pi0/frames_candidates.json
tc_circuit_v3_20260924_0553/results/rep_pi0/run_v3.log	25117	0b5e8cd5c8c6cf942dd118193a0fc7a0	tc_circuit_v3_20260924_0553_results.zip	/content/drive/MyDrive/smaj_v3_workspace/outputs/permanence/tc_circuit_v3_rep_pi0/run_v3.log
tc_circuit_v3_20260924_0553/results/rep_pi0/status/frames.json	295063	288b54e9bde830fe845a4631571a0f0b	tc_circuit_v3_20260924_0553_results.zip	/content/drive/MyDrive/smaj_v3_workspace/outputs/permanence/tc_circuit_v3_rep_pi0/status/frames.json
tc_circuit_v3_20260924_0553/results/rep_pi0/status/timings.json	106	76406008f729b727744b93e80324d19b	tc_circuit_v3_20260924_0553_results.zip	/content/drive/MyDrive/smaj_v3_workspace/outputs/permanence/tc_circuit_v3_rep_pi0/status/timings.json
tc_circuit_v3_20260924_0553/report/RESULTS_v3.md	14977	abae2ae61ac82269e6c6df5504d6453c	tc_circuit_v3_20260924_0553_results.zip	/content/drive/MyDrive/smaj_v3_workspace/outputs/permanence/tc_circuit_v3_report/RESULTS_v3.md
tc_circuit_v3_20260924_0553/report/figures/fig_closed_loop.pdf	13407	12ce92c6e2f695633f974753bca55c5d	tc_circuit_v3_20260924_0553_results.zip	/content/drive/MyDrive/smaj_v3_workspace/outputs/permanence/tc_circuit_v3_report/figures/fig_closed_loop.pdf
tc_circuit_v3_20260924_0553/report/figures/fig_closed_loop.png	36566	a2cdffeb1b3a2f739f0a059cc8c2c5d0	tc_circuit_v3_20260924_0553_results.zip	/content/drive/MyDrive/smaj_v3_workspace/outputs/permanence/tc_circuit_v3_report/figures/fig_closed_loop.png
tc_circuit_v3_20260924_0553/report/figures/fig_dissociation.pdf	43436	ee7cbe91ec1a8502ba4e67ee30534002	tc_circuit_v3_20260924_0553_results.zip	/content/drive/MyDrive/smaj_v3_workspace/outputs/permanence/tc_circuit_v3_report/figures/fig_dissociation.pdf
tc_circuit_v3_20260924_0553/report/figures/fig_dissociation.png	88321	cea3e99ac1835e3e6c148abdc47008ab	tc_circuit_v3_20260924_0553_results.zip	/content/drive/MyDrive/smaj_v3_workspace/outputs/permanence/tc_circuit_v3_report/figures/fig_dissociation.png
tc_circuit_v3_20260924_0553/report/figures/fig_families.pdf	14738	095b2b77cb4ab92db3a0ef60e0c308b2	tc_circuit_v3_20260924_0553_results.zip	/content/drive/MyDrive/smaj_v3_workspace/outputs/permanence/tc_circuit_v3_report/figures/fig_families.pdf
tc_circuit_v3_20260924_0553/report/figures/fig_families.png	43886	41c96b288a4ec4bafe4a7b41482c8b30	tc_circuit_v3_20260924_0553_results.zip	/content/drive/MyDrive/smaj_v3_workspace/outputs/permanence/tc_circuit_v3_report/figures/fig_families.png
tc_circuit_v3_20260924_0553/report/figures/fig_insample.pdf	12031	3c95f623c4f6ffe29d452085a2c80fba	tc_circuit_v3_20260924_0553_results.zip	/content/drive/MyDrive/smaj_v3_workspace/outputs/permanence/tc_circuit_v3_report/figures/fig_insample.pdf
tc_circuit_v3_20260924_0553/report/figures/fig_insample.png	26917	c93ea27a9bbc4364a2dd36a689feee32	tc_circuit_v3_20260924_0553_results.zip	/content/drive/MyDrive/smaj_v3_workspace/outputs/permanence/tc_circuit_v3_report/figures/fig_insample.png
tc_circuit_v3_20260924_0553/report/figures/fig_kcurves.pdf	21234	60a4d8b360dea967cfc64666f145c224	tc_circuit_v3_20260924_0553_results.zip	/content/drive/MyDrive/smaj_v3_workspace/outputs/permanence/tc_circuit_v3_report/figures/fig_kcurves.pdf
tc_circuit_v3_20260924_0553/report/figures/fig_kcurves.png	81809	9770d4ff7ef21d6926159a3b5258907b	tc_circuit_v3_20260924_0553_results.zip	/content/drive/MyDrive/smaj_v3_workspace/outputs/permanence/tc_circuit_v3_report/figures/fig_kcurves.png
tc_circuit_v3_20260924_0553/report/figures/fig_layers.pdf	20130	5d7fdedce475b14b0d73ce4d229b0ed0	tc_circuit_v3_20260924_0553_results.zip	/content/drive/MyDrive/smaj_v3_workspace/outputs/permanence/tc_circuit_v3_report/figures/fig_layers.pdf
tc_circuit_v3_20260924_0553/report/figures/fig_layers.png	98687	66cd5edcfb945979294d1a01ec06bfda	tc_circuit_v3_20260924_0553_results.zip	/content/drive/MyDrive/smaj_v3_workspace/outputs/permanence/tc_circuit_v3_report/figures/fig_layers.png
tc_circuit_v3_20260924_0553/report/figures/fig_linearity.pdf	18330	83f250f45cae13ba721db82e70429bf0	tc_circuit_v3_20260924_0553_results.zip	/content/drive/MyDrive/smaj_v3_workspace/outputs/permanence/tc_circuit_v3_report/figures/fig_linearity.pdf
tc_circuit_v3_20260924_0553/report/figures/fig_linearity.png	40659	1db9ac97db114cf48ead52b86fe2aa12	tc_circuit_v3_20260924_0553_results.zip	/content/drive/MyDrive/smaj_v3_workspace/outputs/permanence/tc_circuit_v3_report/figures/fig_linearity.png
tc_circuit_v3_20260924_0553/report/figures/fig_probe_conditions_agentview.png	2211417	afbba795f42f6d5d732f5504b2782062	tc_circuit_v3_20260924_0553_results.zip	/content/drive/MyDrive/smaj_v3_workspace/outputs/permanence/tc_circuit_v3_report/figures/fig_probe_conditions_agentview.png
tc_circuit_v3_20260924_0553/report/figures/fig_probe_conditions_wrist.png	1877573	6251775a6ec347bb6fbe20c673fb2a6d	tc_circuit_v3_20260924_0553_results.zip	/content/drive/MyDrive/smaj_v3_workspace/outputs/permanence/tc_circuit_v3_report/figures/fig_probe_conditions_wrist.png
tc_circuit_v3_20260924_0553/report/figures/fig_replication.pdf	14408	4433d63bea536b15960b06c46e113912	tc_circuit_v3_20260924_0553_results.zip	/content/drive/MyDrive/smaj_v3_workspace/outputs/permanence/tc_circuit_v3_report/figures/fig_replication.pdf
tc_circuit_v3_20260924_0553/report/figures/fig_replication.png	31298	ddf71cadc895b4ccbcbb20413c8e6a0a	tc_circuit_v3_20260924_0553_results.zip	/content/drive/MyDrive/smaj_v3_workspace/outputs/permanence/tc_circuit_v3_report/figures/fig_replication.png
tc_circuit_v3_20260924_0553/report/paper_v3/fancyhdr.sty	20521	e5d13d98d57bd53d4fed3aa61bd29c86	tc_circuit_v3_20260924_0553_results.zip	/content/drive/MyDrive/smaj_v3_workspace/outputs/permanence/tc_circuit_v3_report/paper_v3/fancyhdr.sty
tc_circuit_v3_20260924_0553/report/paper_v3/figures/fig_closed_loop.pdf	13407	12ce92c6e2f695633f974753bca55c5d	tc_circuit_v3_20260924_0553_results.zip	/content/drive/MyDrive/smaj_v3_workspace/outputs/permanence/tc_circuit_v3_report/paper_v3/figures/fig_closed_loop.pdf
tc_circuit_v3_20260924_0553/report/paper_v3/figures/fig_closed_loop.png	36566	a2cdffeb1b3a2f739f0a059cc8c2c5d0	tc_circuit_v3_20260924_0553_results.zip	/content/drive/MyDrive/smaj_v3_workspace/outputs/permanence/tc_circuit_v3_report/paper_v3/figures/fig_closed_loop.png
tc_circuit_v3_20260924_0553/report/paper_v3/figures/fig_dissociation.pdf	43436	ee7cbe91ec1a8502ba4e67ee30534002	tc_circuit_v3_20260924_0553_results.zip	/content/drive/MyDrive/smaj_v3_workspace/outputs/permanence/tc_circuit_v3_report/paper_v3/figures/fig_dissociation.pdf
tc_circuit_v3_20260924_0553/report/paper_v3/figures/fig_dissociation.png	88321	cea3e99ac1835e3e6c148abdc47008ab	tc_circuit_v3_20260924_0553_results.zip	/content/drive/MyDrive/smaj_v3_workspace/outputs/permanence/tc_circuit_v3_report/paper_v3/figures/fig_dissociation.png
tc_circuit_v3_20260924_0553/report/paper_v3/figures/fig_families.pdf	14738	095b2b77cb4ab92db3a0ef60e0c308b2	tc_circuit_v3_20260924_0553_results.zip	/content/drive/MyDrive/smaj_v3_workspace/outputs/permanence/tc_circuit_v3_report/paper_v3/figures/fig_families.pdf
tc_circuit_v3_20260924_0553/report/paper_v3/figures/fig_families.png	43886	41c96b288a4ec4bafe4a7b41482c8b30	tc_circuit_v3_20260924_0553_results.zip	/content/drive/MyDrive/smaj_v3_workspace/outputs/permanence/tc_circuit_v3_report/paper_v3/figures/fig_families.png
tc_circuit_v3_20260924_0553/report/paper_v3/figures/fig_insample.pdf	12031	3c95f623c4f6ffe29d452085a2c80fba	tc_circuit_v3_20260924_0553_results.zip	/content/drive/MyDrive/smaj_v3_workspace/outputs/permanence/tc_circuit_v3_report/paper_v3/figures/fig_insample.pdf
tc_circuit_v3_20260924_0553/report/paper_v3/figures/fig_insample.png	26917	c93ea27a9bbc4364a2dd36a689feee32	tc_circuit_v3_20260924_0553_results.zip	/content/drive/MyDrive/smaj_v3_workspace/outputs/permanence/tc_circuit_v3_report/paper_v3/figures/fig_insample.png
tc_circuit_v3_20260924_0553/report/paper_v3/figures/fig_kcurves.pdf	21234	60a4d8b360dea967cfc64666f145c224	tc_circuit_v3_20260924_0553_results.zip	/content/drive/MyDrive/smaj_v3_workspace/outputs/permanence/tc_circuit_v3_report/paper_v3/figures/fig_kcurves.pdf
tc_circuit_v3_20260924_0553/report/paper_v3/figures/fig_kcurves.png	81809	9770d4ff7ef21d6926159a3b5258907b	tc_circuit_v3_20260924_0553_results.zip	/content/drive/MyDrive/smaj_v3_workspace/outputs/permanence/tc_circuit_v3_report/paper_v3/figures/fig_kcurves.png
tc_circuit_v3_20260924_0553/report/paper_v3/figures/fig_layers.pdf	20130	5d7fdedce475b14b0d73ce4d229b0ed0	tc_circuit_v3_20260924_0553_results.zip	/content/drive/MyDrive/smaj_v3_workspace/outputs/permanence/tc_circuit_v3_report/paper_v3/figures/fig_layers.pdf
tc_circuit_v3_20260924_0553/report/paper_v3/figures/fig_layers.png	98687	66cd5edcfb945979294d1a01ec06bfda	tc_circuit_v3_20260924_0553_results.zip	/content/drive/MyDrive/smaj_v3_workspace/outputs/permanence/tc_circuit_v3_report/paper_v3/figures/fig_layers.png
tc_circuit_v3_20260924_0553/report/paper_v3/figures/fig_linearity.pdf	18330	83f250f45cae13ba721db82e70429bf0	tc_circuit_v3_20260924_0553_results.zip	/content/drive/MyDrive/smaj_v3_workspace/outputs/permanence/tc_circuit_v3_report/paper_v3/figures/fig_linearity.pdf
tc_circuit_v3_20260924_0553/report/paper_v3/figures/fig_linearity.png	40659	1db9ac97db114cf48ead52b86fe2aa12	tc_circuit_v3_20260924_0553_results.zip	/content/drive/MyDrive/smaj_v3_workspace/outputs/permanence/tc_circuit_v3_report/paper_v3/figures/fig_linearity.png
tc_circuit_v3_20260924_0553/report/paper_v3/figures/fig_probe_conditions_agentview.png	2211417	afbba795f42f6d5d732f5504b2782062	tc_circuit_v3_20260924_0553_results.zip	/content/drive/MyDrive/smaj_v3_workspace/outputs/permanence/tc_circuit_v3_report/paper_v3/figures/fig_probe_conditions_agentview.png
tc_circuit_v3_20260924_0553/report/paper_v3/figures/fig_probe_conditions_wrist.png	1877573	6251775a6ec347bb6fbe20c673fb2a6d	tc_circuit_v3_20260924_0553_results.zip	/content/drive/MyDrive/smaj_v3_workspace/outputs/permanence/tc_circuit_v3_report/paper_v3/figures/fig_probe_conditions_wrist.png
tc_circuit_v3_20260924_0553/report/paper_v3/figures/fig_replication.pdf	14408	4433d63bea536b15960b06c46e113912	tc_circuit_v3_20260924_0553_results.zip	/content/drive/MyDrive/smaj_v3_workspace/outputs/permanence/tc_circuit_v3_report/paper_v3/figures/fig_replication.pdf
tc_circuit_v3_20260924_0553/report/paper_v3/figures/fig_replication.png	31298	ddf71cadc895b4ccbcbb20413c8e6a0a	tc_circuit_v3_20260924_0553_results.zip	/content/drive/MyDrive/smaj_v3_workspace/outputs/permanence/tc_circuit_v3_report/paper_v3/figures/fig_replication.png
tc_circuit_v3_20260924_0553/report/paper_v3/iclr2027_conference.bst	26973	af983813ca1a1414954dbceae7baa2a1	tc_circuit_v3_20260924_0553_results.zip	/content/drive/MyDrive/smaj_v3_workspace/outputs/permanence/tc_circuit_v3_report/paper_v3/iclr2027_conference.bst
tc_circuit_v3_20260924_0553/report/paper_v3/iclr2027_conference.sty	9025	1b4bb9c2e12c712c56f4eb1232b88dd6	tc_circuit_v3_20260924_0553_results.zip	/content/drive/MyDrive/smaj_v3_workspace/outputs/permanence/tc_circuit_v3_report/paper_v3/iclr2027_conference.sty
tc_circuit_v3_20260924_0553/report/paper_v3/main.aux	15334	d995b3c93447d975fee59c424fa9bb95	tc_circuit_v3_20260924_0553_results.zip	/content/drive/MyDrive/smaj_v3_workspace/outputs/permanence/tc_circuit_v3_report/paper_v3/main.aux
tc_circuit_v3_20260924_0553/report/paper_v3/main.bbl	10620	c0f26b6bcd1158ffa02763c9fc09dd10	tc_circuit_v3_20260924_0553_results.zip	/content/drive/MyDrive/smaj_v3_workspace/outputs/permanence/tc_circuit_v3_report/paper_v3/main.bbl
tc_circuit_v3_20260924_0553/report/paper_v3/main.blg	933	967751cd2aa6cb90ffbb0916dc941de7	tc_circuit_v3_20260924_0553_results.zip	/content/drive/MyDrive/smaj_v3_workspace/outputs/permanence/tc_circuit_v3_report/paper_v3/main.blg
tc_circuit_v3_20260924_0553/report/paper_v3/main.log	26740	264b5be7ffe8494229ad94cef3dc51a0	tc_circuit_v3_20260924_0553_results.zip	/content/drive/MyDrive/smaj_v3_workspace/outputs/permanence/tc_circuit_v3_report/paper_v3/main.log
tc_circuit_v3_20260924_0553/report/paper_v3/main.out	2717	2c24a22fcb595ed35230e698e43665f7	tc_circuit_v3_20260924_0553_results.zip	/content/drive/MyDrive/smaj_v3_workspace/outputs/permanence/tc_circuit_v3_report/paper_v3/main.out
tc_circuit_v3_20260924_0553/report/paper_v3/main.pdf	2281861	56906a1cf6d6e6f857460b92d3e3881f	tc_circuit_v3_20260924_0553_results.zip	/content/drive/MyDrive/smaj_v3_workspace/outputs/permanence/tc_circuit_v3_report/paper_v3/main.pdf
tc_circuit_v3_20260924_0553/report/paper_v3/main.tex	27145	71b99f54f78c519e090257f6942aec1c	tc_circuit_v3_20260924_0553_results.zip	/content/drive/MyDrive/smaj_v3_workspace/outputs/permanence/tc_circuit_v3_report/paper_v3/main.tex
tc_circuit_v3_20260924_0553/report/paper_v3/math_commands.tex	12284	a71653715108dc62b66e3a0bde0307d8	tc_circuit_v3_20260924_0553_results.zip	/content/drive/MyDrive/smaj_v3_workspace/outputs/permanence/tc_circuit_v3_report/paper_v3/math_commands.tex
tc_circuit_v3_20260924_0553/report/paper_v3/natbib.sty	45154	40088ce024445d7ee2bca59e704cdd01	tc_circuit_v3_20260924_0553_results.zip	/content/drive/MyDrive/smaj_v3_workspace/outputs/permanence/tc_circuit_v3_report/paper_v3/natbib.sty
tc_circuit_v3_20260924_0553/report/paper_v3/references.bib	12664	79e3a0b5d628201dd0db4443aad1a46b	tc_circuit_v3_20260924_0553_results.zip	/content/drive/MyDrive/smaj_v3_workspace/outputs/permanence/tc_circuit_v3_report/paper_v3/references.bib
tc_circuit_v3_20260924_0553/report/paper_v3/table_closed_loop.tex	1251	8c3c355e55f1d203282086d984a69007	tc_circuit_v3_20260924_0553_results.zip	/content/drive/MyDrive/smaj_v3_workspace/outputs/permanence/tc_circuit_v3_report/paper_v3/table_closed_loop.tex
tc_circuit_v3_20260924_0553/report/paper_v3/table_kcurve.tex	542	3e270e8cc074136b57047520e3bd80df	tc_circuit_v3_20260924_0553_results.zip	/content/drive/MyDrive/smaj_v3_workspace/outputs/permanence/tc_circuit_v3_report/paper_v3/table_kcurve.tex
tc_circuit_v3_20260924_0553/report/paper_v3/table_main.tex	1746	d622e02598ef1ef7b9bf8cf6a6914144	tc_circuit_v3_20260924_0553_results.zip	/content/drive/MyDrive/smaj_v3_workspace/outputs/permanence/tc_circuit_v3_report/paper_v3/table_main.tex
tc_circuit_v3_20260924_0553/report/paper_v3/table_replication.tex	639	90444130f5b9811831126f4a2ccc7ec0	tc_circuit_v3_20260924_0553_results.zip	/content/drive/MyDrive/smaj_v3_workspace/outputs/permanence/tc_circuit_v3_report/paper_v3/table_replication.tex
tc_circuit_v3_20260924_0553/report/paper_v3/table_validity.tex	872	cdc7b6e0fc7e28a7e91de70b573d2cad	tc_circuit_v3_20260924_0553_results.zip	/content/drive/MyDrive/smaj_v3_workspace/outputs/permanence/tc_circuit_v3_report/paper_v3/table_validity.tex
tc_circuit_v3_20260924_0553/report/paper_v3/table_versions.tex	1050	61860841afed248d3953fc5c887a4213	tc_circuit_v3_20260924_0553_results.zip	/content/drive/MyDrive/smaj_v3_workspace/outputs/permanence/tc_circuit_v3_report/paper_v3/table_versions.tex
tc_circuit_v3_20260924_0553/report/results_v3.json	120874	a3c35e4d721bc0b5d5d7636225b8880b	tc_circuit_v3_20260924_0553_results.zip	/content/drive/MyDrive/smaj_v3_workspace/outputs/permanence/tc_circuit_v3_report/results_v3.json
tc_circuit_v3_20260924_0553/RESULTS_v3.md	14977	abae2ae61ac82269e6c6df5504d6453c	tc_circuit_v3_20260924_0553_results.zip	/content/drive/MyDrive/smaj_v3_workspace/outputs/permanence/tc_circuit_v3_report/RESULTS_v3.md
tc_circuit_v3_20260924_0553/results_v3.json	120874	a3c35e4d721bc0b5d5d7636225b8880b	tc_circuit_v3_20260924_0553_results.zip	/content/drive/MyDrive/smaj_v3_workspace/outputs/permanence/tc_circuit_v3_report/results_v3.json
tc_circuit_v3_20260924_0553/main.pdf	2281861	56906a1cf6d6e6f857460b92d3e3881f	tc_circuit_v3_20260924_0553_results.zip	/content/drive/MyDrive/smaj_v3_workspace/outputs/permanence/tc_circuit_v3_report/paper_v3/main.pdf
tc_circuit_v3_20260924_0553/code/run_configs.json	10167	662f966a8cbeadb8854c81c0b7fed722	tc_circuit_v3_20260924_0553_results.zip	
tc_circuit_v3_20260924_0553/code/tc_occlusion_v3.py	197143	63fbacb30999e1d9c306e5f16d9d83c2	tc_circuit_v3_20260924_0553_results.zip	
tc_circuit_v3_20260924_0553/code/tc_v3_report.py	132400	cf3abd3c89650fedce37eebeee44d209	tc_circuit_v3_20260924_0553_results.zip	
tc_circuit_v3_20260924_0553/env/disk_and_memory.txt	801	4b27dc06e8b5a4552762ad8abcf57c26	tc_circuit_v3_20260924_0553_results.zip	
tc_circuit_v3_20260924_0553/env/gpu.txt	1689	58d3ae6ce5ff5f76fdf0491ea8b52878	tc_circuit_v3_20260924_0553_results.zip	
tc_circuit_v3_20260924_0553/env/packages.txt	3117	1012641f91b53d3882e5f0671420dd21	tc_circuit_v3_20260924_0553_results.zip	
tc_circuit_v3_20260924_0553/env/versions.txt	148	5bdb9a38f870517270a083bf813332c1	tc_circuit_v3_20260924_0553_results.zip	
tc_circuit_v3_20260924_0553/results/main/attrib/attr_cover.npz	45438418		tc_circuit_v3_20260924_0553_models_and_caches_part1of8.zip	/content/drive/MyDrive/smaj_v3_workspace/outputs/permanence/tc_circuit_v3_main/attrib/attr_cover.npz
tc_circuit_v3_20260924_0553/results/main/attrib/attr_paint.npz	43074441		tc_circuit_v3_20260924_0553_models_and_caches_part1of8.zip	/content/drive/MyDrive/smaj_v3_workspace/outputs/permanence/tc_circuit_v3_main/attrib/attr_paint.npz
tc_circuit_v3_20260924_0553/results/main/attrib/attr_screen.npz	45794189		tc_circuit_v3_20260924_0553_models_and_caches_part1of8.zip	/content/drive/MyDrive/smaj_v3_workspace/outputs/permanence/tc_circuit_v3_main/attrib/attr_screen.npz
tc_circuit_v3_20260924_0553/results/main/frames.pkl	1373517408		tc_circuit_v3_20260924_0553_models_and_caches_part2of8.zip	/content/drive/MyDrive/smaj_v3_workspace/outputs/permanence/tc_circuit_v3_main/frames.pkl
tc_circuit_v3_20260924_0553/results/main/transcoders/layer_00.pt	67155675		tc_circuit_v3_20260924_0553_models_and_caches_part3of8.zip	/content/drive/MyDrive/smaj_v3_workspace/outputs/permanence/tc_circuit_v3_main/transcoders/layer_00.pt
tc_circuit_v3_20260924_0553/results/main/transcoders/layer_01.pt	67155675		tc_circuit_v3_20260924_0553_models_and_caches_part3of8.zip	/content/drive/MyDrive/smaj_v3_workspace/outputs/permanence/tc_circuit_v3_main/transcoders/layer_01.pt
tc_circuit_v3_20260924_0553/results/main/transcoders/layer_02.pt	67155675		tc_circuit_v3_20260924_0553_models_and_caches_part3of8.zip	/content/drive/MyDrive/smaj_v3_workspace/outputs/permanence/tc_circuit_v3_main/transcoders/layer_02.pt
tc_circuit_v3_20260924_0553/results/main/transcoders/layer_03.pt	67156635		tc_circuit_v3_20260924_0553_models_and_caches_part3of8.zip	/content/drive/MyDrive/smaj_v3_workspace/outputs/permanence/tc_circuit_v3_main/transcoders/layer_03.pt
tc_circuit_v3_20260924_0553/results/main/transcoders/layer_04.pt	67156635		tc_circuit_v3_20260924_0553_models_and_caches_part3of8.zip	/content/drive/MyDrive/smaj_v3_workspace/outputs/permanence/tc_circuit_v3_main/transcoders/layer_04.pt
tc_circuit_v3_20260924_0553/results/main/transcoders/layer_05.pt	67155675		tc_circuit_v3_20260924_0553_models_and_caches_part3of8.zip	/content/drive/MyDrive/smaj_v3_workspace/outputs/permanence/tc_circuit_v3_main/transcoders/layer_05.pt
tc_circuit_v3_20260924_0553/results/main/transcoders/layer_06.pt	67156635		tc_circuit_v3_20260924_0553_models_and_caches_part3of8.zip	/content/drive/MyDrive/smaj_v3_workspace/outputs/permanence/tc_circuit_v3_main/transcoders/layer_06.pt
tc_circuit_v3_20260924_0553/results/main/transcoders/layer_07.pt	67156635		tc_circuit_v3_20260924_0553_models_and_caches_part3of8.zip	/content/drive/MyDrive/smaj_v3_workspace/outputs/permanence/tc_circuit_v3_main/transcoders/layer_07.pt
tc_circuit_v3_20260924_0553/results/main/transcoders/layer_08.pt	67155675		tc_circuit_v3_20260924_0553_models_and_caches_part3of8.zip	/content/drive/MyDrive/smaj_v3_workspace/outputs/permanence/tc_circuit_v3_main/transcoders/layer_08.pt
tc_circuit_v3_20260924_0553/results/main/transcoders/layer_09.pt	67155675		tc_circuit_v3_20260924_0553_models_and_caches_part3of8.zip	/content/drive/MyDrive/smaj_v3_workspace/outputs/permanence/tc_circuit_v3_main/transcoders/layer_09.pt
tc_circuit_v3_20260924_0553/results/main/transcoders/layer_10.pt	67155675		tc_circuit_v3_20260924_0553_models_and_caches_part3of8.zip	/content/drive/MyDrive/smaj_v3_workspace/outputs/permanence/tc_circuit_v3_main/transcoders/layer_10.pt
tc_circuit_v3_20260924_0553/results/main/transcoders/layer_11.pt	67155675		tc_circuit_v3_20260924_0553_models_and_caches_part3of8.zip	/content/drive/MyDrive/smaj_v3_workspace/outputs/permanence/tc_circuit_v3_main/transcoders/layer_11.pt
tc_circuit_v3_20260924_0553/results/main/transcoders/layer_12.pt	67155675		tc_circuit_v3_20260924_0553_models_and_caches_part3of8.zip	/content/drive/MyDrive/smaj_v3_workspace/outputs/permanence/tc_circuit_v3_main/transcoders/layer_12.pt
tc_circuit_v3_20260924_0553/results/main/transcoders/layer_13.pt	67155675		tc_circuit_v3_20260924_0553_models_and_caches_part3of8.zip	/content/drive/MyDrive/smaj_v3_workspace/outputs/permanence/tc_circuit_v3_main/transcoders/layer_13.pt
tc_circuit_v3_20260924_0553/results/main/transcoders/layer_14.pt	67155675		tc_circuit_v3_20260924_0553_models_and_caches_part3of8.zip	/content/drive/MyDrive/smaj_v3_workspace/outputs/permanence/tc_circuit_v3_main/transcoders/layer_14.pt
tc_circuit_v3_20260924_0553/results/main/transcoders/layer_15.pt	67155675		tc_circuit_v3_20260924_0553_models_and_caches_part4of8.zip	/content/drive/MyDrive/smaj_v3_workspace/outputs/permanence/tc_circuit_v3_main/transcoders/layer_15.pt
tc_circuit_v3_20260924_0553/results/main/transcoders/layer_16.pt	67155675		tc_circuit_v3_20260924_0553_models_and_caches_part4of8.zip	/content/drive/MyDrive/smaj_v3_workspace/outputs/permanence/tc_circuit_v3_main/transcoders/layer_16.pt
tc_circuit_v3_20260924_0553/results/main/transcoders/layer_17.pt	67155675		tc_circuit_v3_20260924_0553_models_and_caches_part4of8.zip	/content/drive/MyDrive/smaj_v3_workspace/outputs/permanence/tc_circuit_v3_main/transcoders/layer_17.pt
tc_circuit_v3_20260924_0553/results/rep_object/attrib/attr_cover.npz	46050723		tc_circuit_v3_20260924_0553_models_and_caches_part4of8.zip	/content/drive/MyDrive/smaj_v3_workspace/outputs/permanence/tc_circuit_v3_rep_object/attrib/attr_cover.npz
tc_circuit_v3_20260924_0553/results/rep_object/attrib/attr_paint.npz	43480223		tc_circuit_v3_20260924_0553_models_and_caches_part4of8.zip	/content/drive/MyDrive/smaj_v3_workspace/outputs/permanence/tc_circuit_v3_rep_object/attrib/attr_paint.npz
tc_circuit_v3_20260924_0553/results/rep_object/frames.pkl	966843554		tc_circuit_v3_20260924_0553_models_and_caches_part5of8.zip	/content/drive/MyDrive/smaj_v3_workspace/outputs/permanence/tc_circuit_v3_rep_object/frames.pkl
tc_circuit_v3_20260924_0553/results/rep_object/transcoders/layer_00.pt	67155675		tc_circuit_v3_20260924_0553_models_and_caches_part5of8.zip	/content/drive/MyDrive/smaj_v3_workspace/outputs/permanence/tc_circuit_v3_rep_object/transcoders/layer_00.pt
tc_circuit_v3_20260924_0553/results/rep_object/transcoders/layer_01.pt	67155675		tc_circuit_v3_20260924_0553_models_and_caches_part6of8.zip	/content/drive/MyDrive/smaj_v3_workspace/outputs/permanence/tc_circuit_v3_rep_object/transcoders/layer_01.pt
tc_circuit_v3_20260924_0553/results/rep_object/transcoders/layer_02.pt	67155675		tc_circuit_v3_20260924_0553_models_and_caches_part6of8.zip	/content/drive/MyDrive/smaj_v3_workspace/outputs/permanence/tc_circuit_v3_rep_object/transcoders/layer_02.pt
tc_circuit_v3_20260924_0553/results/rep_object/transcoders/layer_03.pt	67155675		tc_circuit_v3_20260924_0553_models_and_caches_part6of8.zip	/content/drive/MyDrive/smaj_v3_workspace/outputs/permanence/tc_circuit_v3_rep_object/transcoders/layer_03.pt
tc_circuit_v3_20260924_0553/results/rep_object/transcoders/layer_04.pt	67155675		tc_circuit_v3_20260924_0553_models_and_caches_part6of8.zip	/content/drive/MyDrive/smaj_v3_workspace/outputs/permanence/tc_circuit_v3_rep_object/transcoders/layer_04.pt
tc_circuit_v3_20260924_0553/results/rep_object/transcoders/layer_05.pt	67155675		tc_circuit_v3_20260924_0553_models_and_caches_part6of8.zip	/content/drive/MyDrive/smaj_v3_workspace/outputs/permanence/tc_circuit_v3_rep_object/transcoders/layer_05.pt
tc_circuit_v3_20260924_0553/results/rep_object/transcoders/layer_06.pt	67156635		tc_circuit_v3_20260924_0553_models_and_caches_part6of8.zip	/content/drive/MyDrive/smaj_v3_workspace/outputs/permanence/tc_circuit_v3_rep_object/transcoders/layer_06.pt
tc_circuit_v3_20260924_0553/results/rep_object/transcoders/layer_07.pt	67155675		tc_circuit_v3_20260924_0553_models_and_caches_part6of8.zip	/content/drive/MyDrive/smaj_v3_workspace/outputs/permanence/tc_circuit_v3_rep_object/transcoders/layer_07.pt
tc_circuit_v3_20260924_0553/results/rep_object/transcoders/layer_08.pt	67155675		tc_circuit_v3_20260924_0553_models_and_caches_part6of8.zip	/content/drive/MyDrive/smaj_v3_workspace/outputs/permanence/tc_circuit_v3_rep_object/transcoders/layer_08.pt
tc_circuit_v3_20260924_0553/results/rep_object/transcoders/layer_09.pt	67155675		tc_circuit_v3_20260924_0553_models_and_caches_part6of8.zip	/content/drive/MyDrive/smaj_v3_workspace/outputs/permanence/tc_circuit_v3_rep_object/transcoders/layer_09.pt
tc_circuit_v3_20260924_0553/results/rep_object/transcoders/layer_10.pt	67155675		tc_circuit_v3_20260924_0553_models_and_caches_part6of8.zip	/content/drive/MyDrive/smaj_v3_workspace/outputs/permanence/tc_circuit_v3_rep_object/transcoders/layer_10.pt
tc_circuit_v3_20260924_0553/results/rep_object/transcoders/layer_11.pt	67155675		tc_circuit_v3_20260924_0553_models_and_caches_part6of8.zip	/content/drive/MyDrive/smaj_v3_workspace/outputs/permanence/tc_circuit_v3_rep_object/transcoders/layer_11.pt
tc_circuit_v3_20260924_0553/results/rep_object/transcoders/layer_12.pt	67155675		tc_circuit_v3_20260924_0553_models_and_caches_part6of8.zip	/content/drive/MyDrive/smaj_v3_workspace/outputs/permanence/tc_circuit_v3_rep_object/transcoders/layer_12.pt
tc_circuit_v3_20260924_0553/results/rep_object/transcoders/layer_13.pt	67155675		tc_circuit_v3_20260924_0553_models_and_caches_part6of8.zip	/content/drive/MyDrive/smaj_v3_workspace/outputs/permanence/tc_circuit_v3_rep_object/transcoders/layer_13.pt
tc_circuit_v3_20260924_0553/results/rep_object/transcoders/layer_14.pt	67155675		tc_circuit_v3_20260924_0553_models_and_caches_part6of8.zip	/content/drive/MyDrive/smaj_v3_workspace/outputs/permanence/tc_circuit_v3_rep_object/transcoders/layer_14.pt
tc_circuit_v3_20260924_0553/results/rep_object/transcoders/layer_15.pt	67155675		tc_circuit_v3_20260924_0553_models_and_caches_part6of8.zip	/content/drive/MyDrive/smaj_v3_workspace/outputs/permanence/tc_circuit_v3_rep_object/transcoders/layer_15.pt
tc_circuit_v3_20260924_0553/results/rep_object/transcoders/layer_16.pt	67155675		tc_circuit_v3_20260924_0553_models_and_caches_part7of8.zip	/content/drive/MyDrive/smaj_v3_workspace/outputs/permanence/tc_circuit_v3_rep_object/transcoders/layer_16.pt
tc_circuit_v3_20260924_0553/results/rep_object/transcoders/layer_17.pt	67155675		tc_circuit_v3_20260924_0553_models_and_caches_part7of8.zip	/content/drive/MyDrive/smaj_v3_workspace/outputs/permanence/tc_circuit_v3_rep_object/transcoders/layer_17.pt
tc_circuit_v3_20260924_0553/results/rep_pi0/frames.pkl	950445663		tc_circuit_v3_20260924_0553_models_and_caches_part8of8.zip	/content/drive/MyDrive/smaj_v3_workspace/outputs/permanence/tc_circuit_v3_rep_pi0/frames.pkl
